[
  {
    "constant": true,
    "inputs": [],
    "name": "getAllMarkets",
    "outputs": [
      {
        "internalType": "contract CToken[]",
        "name": "",
        "type": "address[]"
      }
    ],
    "payable": false,
    "stateMutability": "view",
    "type": "function"
  },
  {
    "constant": false,
    "inputs": [
      {
        "internalType": "address[]",
        "name": "cTokens",
        "type": "address[]"
      }
    ],
    "name": "enterMarkets",
    "outputs": [
      {
        "internalType": "uint256[]",
        "name": "",
        "type": "uint256[]"
      }
    ],
    "payable": false,
    "stateMutability": "nonpayable",
    "type": "function"
  },
  {
    "constant": true,
    "inputs": [
      {
        "internalType": "address",
        "name": "account",
        "type": "address"
      }
    ],
    "name": "getAssetsIn",
    "outputs": [
      {
        "internalType": "contract CToken[]",
        "name": "",
        "type": "address[]"
      }
    ],
    "payable": false,
    "stateMutability": "view",
    "type": "function"
  },
  {
    "constant": true,
    "inputs": [
      {
        "internalType": "address",
        "name": "",
        "type": "address"
      }
    ],
    "name": "markets",
    "outputs": [
      {
        "internalType": "bool",
        "name": "isListed",
        "type": "bool"
      },
      {
        "internalType": "uint256",
        "name": "collateralFactorMantissa",
        "type": "uint256"
      }
    ],
    "payable": false,
    "stateMutability": "view",
    "type": "function"
  }
]
