{
    "ropsten": {
        "chainId": 3,
        "defaultPrecision": 4,
        "bFactory": "0xeb12Ce3D5C1B34baa3e3dF03D61fCBf4A3E45104",
        "proxy": "0x4345a1065079d2D2B97BA069fd28A9E5b8D29456",
        "weth": "0xc778417E063141139Fce010982780140Aa0cD5Ab",
        "multicall": "0x835E81CB4a45b6338B43A7a66ba1C78900A76Ef3",
        "tokens": [
            {
                "symbol": "ETH",
                "address": "ether",
                "decimals": 18,
                "ticker": "ETH",
                "iconAddress": "ether",
                "precision": 4
            },
            {
                "symbol": "DAI",
                "address": "0xDc497593C97cf51aC80F1338bD20A7572B824646",
                "decimals": 18,
                "ticker": "DAI",
                "iconAddress": "0x6b175474e89094c44da98b954eedeac495271d0f",
                "precision": 2
            }
        ],
        "warnings": [],
        "errors": {
            "noBool": [],
            "transferFee": []
        },
        "scams": []
    },
    "kovan": {
        "chainId": 42,
        "defaultPrecision": 4,
        "bFactory": "0x8f7F78080219d4066A8036ccD30D588B416a40DB",
        "bActions": "0x02EFDB542B9390ae7C1620B29674e02F9c0d86CC",
        "dsProxyRegistry": "0x130767E0cf05469CF11Fa3fcf270dfC1f52b9072",
        "proxy": "0xdf6F5B1f49eFf8d1C45f2AADC045cB91C33e44b8",
        "weth": "0xd0A1E359811322d97991E03f863a0C30C2cF029C",
        "multicall": "0x2cc8688C5f75E365aaEEb4ea8D6a480405A48D2A",
        "tokens": [
            {
                "symbol": "ETH",
                "address": "ether",
                "decimals": 18,
                "ticker": "ETH",
                "iconAddress": "ether",
                "precision": 4,
                "chartColor": "#f3f4f7"
            },
            {
                "symbol": "WETH",
                "address": "0xd0A1E359811322d97991E03f863a0C30C2cF029C",
                "decimals": 18,
                "ticker": "ETH",
                "iconAddress": "0xc02aaa39b223fe8d0a0e5c4f27ead9083c756cc2",
                "precision": 4,
                "chartColor": "#828384"
            },
            {
                "symbol": "DAI",
                "address": "0x1528F3FCc26d13F7079325Fb78D9442607781c8C",
                "decimals": 18,
                "ticker": "DAI",
                "iconAddress": "0x6b175474e89094c44da98b954eedeac495271d0f",
                "precision": 2,
                "chartColor": "#fab323"
            },
            {
                "symbol": "MKR",
                "address": "0xef13C0c8abcaf5767160018d268f9697aE4f5375",
                "decimals": 18,
                "ticker": "MKR",
                "iconAddress": "0x9f8f72aa9304c8b593d555f12ef6589cc3a579a2",
                "precision": 4,
                "chartColor": "#5eb8aa"
            },
            {
                "symbol": "USDC",
                "address": "0x2F375e94FC336Cdec2Dc0cCB5277FE59CBf1cAe5",
                "decimals": 6,
                "ticker": "USDC",
                "iconAddress": "0xa0b86991c6218b36c1d19d4a2e9eb0ce3606eb48",
                "precision": 2,
                "chartColor": "#2875ca"
            },
            {
                "symbol": "REP",
                "address": "0x8c9e6c40d3402480ACE624730524fACC5482798c",
                "decimals": 18,
                "ticker": "REP",
                "iconAddress": "0x1985365e9f78359a9B6AD760e32412f4a445E862",
                "precision": 4,
                "chartColor": "#422940"
            },
            {
                "symbol": "WBTC",
                "address": "0xe0C9275E44Ea80eF17579d33c55136b7DA269aEb",
                "decimals": 8,
                "ticker": "BTC",
                "iconAddress": "0x2260fac5e5542a773aa44fbcfedf7c193bc2c599",
                "precision": 4,
                "chartColor": "#779bc0"
            },
            {
                "symbol": "BAT",
                "address": "0x1f1f156E0317167c11Aa412E3d1435ea29Dc3cCE",
                "decimals": 18,
                "ticker": "BAT",
                "iconAddress": "0x0d8775f648430679a709e98d2b0cb6250d2887ef",
                "precision": 2,
                "chartColor": "#ff5700"
            },
            {
                "symbol": "SNX",
                "address": "0x86436BcE20258a6DcfE48C9512d4d49A30C4d8c4",
                "decimals": 18,
                "ticker": "SNX",
                "iconAddress": "0xc011a72400e58ecd99ee497cf89e3775d4bd732f",
                "precision": 2,
                "chartColor": "#ffffff"
            },
            {
                "symbol": "ANT",
                "address": "0x37f03a12241E9FD3658ad6777d289c3fb8512Bc9",
                "decimals": 18,
                "ticker": "ANT",
                "iconAddress": "0x960b236A07cf122663c4303350609A66A7B288C0",
                "precision": 2,
                "chartColor": "#E7983D"
            },
            {
                "symbol": "ZRX",
                "address": "0xccb0F4Cf5D3F97f4a55bb5f5cA321C3ED033f244",
                "decimals": 18,
                "ticker": "ZRX",
                "iconAddress": "0xe41d2489571d322189246dafa5ebde1f4699f498",
                "precision": 2,
                "chartColor": "#536DFE"
            }
        ],
        "warnings": [],
        "errors": {
            "noBool": [
                "0xEC4b4fFfb58B6c85D41025b07d93167B8192062E",
                "0xe7d8E7742ca6906a14F7e46770Fdfe6B7014e62D"
            ],
            "transferFee": ["0xbef02f140BFb37a75Ed6510e8D85C9E9e7e0ff1e"]
        },
        "scams": []
    },
    "mainnet": {
        "chainId": 1,
        "defaultPrecision": 4,
        "bFactory": "0x9424B1412450D0f8Fc2255FAf6046b98213B76Bd",
        "bActions": "0xde4A25A0b9589689945d842c5ba0CF4f0D4eB3ac",
        "dsProxyRegistry": "0x4678f0a6958e4D2Bc4F1BAF7Bc52E8F3564f3fE4",
        "proxy": "0x6317C5e82A06E1d8bf200d21F4510Ac2c038AC81",
        "weth": "0xC02aaA39b223FE8D0A0e5C4F27eAD9083C756Cc2",
        "multicall": "0xeefBa1e63905eF1D7ACbA5a8513c70307C1cE441",
        "tokens": [
            {
                "symbol": "ETH",
                "address": "ether",
                "decimals": 18,
                "ticker": "ETH",
                "iconAddress": "ether",
                "precision": 4,
                "chartColor": "#FDA7DF"
            },
            {
                "symbol": "WETH",
                "address": "0xC02aaA39b223FE8D0A0e5C4F27eAD9083C756Cc2",
                "decimals": 18,
                "ticker": "WETH",
                "iconAddress": "0xc02aaa39b223fe8d0a0e5c4f27ead9083c756cc2",
                "precision": 4,
                "chartColor": "#433455"
            },
            {
                "symbol": "BAL",
                "address": "0xba100000625a3754423978a60c9317c58a424e3D",
                "decimals": 18,
                "ticker": "BAL",
                "iconAddress": "0xba100000625a3754423978a60c9317c58a424e3D",
                "precision": 4,
                "chartColor": "#fafafa"
            },
            {
                "symbol": "DAI",
                "address": "0x6B175474E89094C44Da98b954EedeAC495271d0F",
                "decimals": 18,
                "ticker": "DAI",
                "iconAddress": "0x6b175474e89094c44da98b954eedeac495271d0f",
                "precision": 2,
                "chartColor": "#5d6872"
            },
            {
                "symbol": "MKR",
                "address": "0x9f8F72aA9304c8B593d555F12eF6589cC3A579A2",
                "decimals": 18,
                "ticker": "MKR",
                "iconAddress": "0x9f8f72aa9304c8b593d555f12ef6589cc3a579a2",
                "precision": 4,
                "chartColor": "#7e9e99"
            },
            {
                "symbol": "USDC",
                "address": "0xA0b86991c6218b36c1d19D4a2e9Eb0cE3606eB48",
                "decimals": 6,
                "ticker": "USDC",
                "iconAddress": "0xa0b86991c6218b36c1d19d4a2e9eb0ce3606eb48",
                "precision": 2,
                "chartColor": "#9d9f7f"
            },
            {
                "symbol": "BTC++",
                "address": "0x0327112423F3A68efdF1fcF402F6c5CB9f7C33fd",
                "decimals": 18,
                "ticker": "BTC",
                "precision": 6,
                "iconAddress": "0x0327112423F3A68efdF1fcF402F6c5CB9f7C33fd",
                "chartColor": "#557064"
            },
            {
                "symbol": "cUSDC",
                "address": "0x39AA39c021dfbaE8faC545936693aC917d5E7563",
                "decimals": 8,
                "ticker": "cUSDC",
                "iconAddress": "0x39AA39c021dfbaE8faC545936693aC917d5E7563",
                "precision": 2,
                "chartColor": "#6eaa78"
            },
            {
                "symbol": "cDAI",
                "address": "0x5d3a536E4D6DbD6114cc1Ead35777bAB948E3643",
                "decimals": 8,
                "ticker": "cDAI",
                "iconAddress": "0x5d3a536E4D6DbD6114cc1Ead35777bAB948E3643",
                "precision": 2,
                "chartColor": "#93a167"
            },
            {
                "symbol": "cETH",
                "address": "0x4Ddc2D193948926D02f9B1fE9e1daa0718270ED5",
                "decimals": 8,
                "ticker": "cETH",
                "iconAddress": "0x4Ddc2D193948926D02f9B1fE9e1daa0718270ED5",
                "precision": 4,
                "chartColor": "#c28d75"
            },
            {
                "symbol": "REP",
                "address": "0x1985365e9f78359a9B6AD760e32412f4a445E862",
                "decimals": 18,
                "ticker": "REP",
                "iconAddress": "0x1985365e9f78359a9B6AD760e32412f4a445E862",
                "precision": 4,
                "chartColor": "#6e6962"
            },
            {
                "symbol": "LINK",
                "address": "0x514910771AF9Ca656af840dff83E8264EcF986CA",
                "decimals": 18,
                "ticker": "LINK",
                "iconAddress": "0x514910771AF9Ca656af840dff83E8264EcF986CA",
                "precision": 2,
                "chartColor": "#387080"
            },
            {
                "symbol": "WBTC",
                "address": "0x2260FAC5E5542a773Aa44fBCfeDf7C193bc2C599",
                "decimals": 8,
                "ticker": "BTC",
                "iconAddress": "0x2260fac5e5542a773aa44fbcfedf7c193bc2c599",
                "precision": 4,
                "chartColor": "#68aca9"
            },
            {
                "symbol": "BAT",
                "address": "0x0D8775F648430679A709E98d2b0Cb6250d2887EF",
                "decimals": 18,
                "ticker": "BAT",
                "iconAddress": "0x0d8775f648430679a709e98d2b0cb6250d2887ef",
                "precision": 2,
                "chartColor": "#be955c"
            },
            {
                "symbol": "SNX",
                "address": "0xC011a73ee8576Fb46F5E1c5751cA3B9Fe0af2a6F",
                "decimals": 18,
                "ticker": "SNX",
                "iconAddress": "0xC011a73ee8576Fb46F5E1c5751cA3B9Fe0af2a6F",
                "precision": 2,
                "chartColor": "#8d6268"
            },
            {
                "symbol": "sUSD",
                "address": "0x57Ab1ec28D129707052df4dF418D58a2D46d5f51",
                "decimals": 18,
                "ticker": "sUSD",
                "iconAddress": "0x57Ab1ec28D129707052df4dF418D58a2D46d5f51",
                "precision": 2,
                "chartColor": "#416aa3"
            },
            {
                "symbol": "ANT",
                "address": "0x960b236A07cf122663c4303350609A66A7B288C0",
                "decimals": 18,
                "ticker": "ANT",
                "iconAddress": "0x960b236A07cf122663c4303350609A66A7B288C0",
                "precision": 2,
                "chartColor": "#c28d75"
            },
            {
                "symbol": "ZRX",
                "address": "0xE41d2489571d322189246DaFA5ebDe1F4699F498",
                "decimals": 18,
                "ticker": "ZRX",
                "iconAddress": "0xe41d2489571d322189246dafa5ebde1f4699f498",
                "precision": 2,
                "chartColor": "#9a4f50"
            },
            {
                "symbol": "imBTC",
                "address": "0x3212b29E33587A00FB1C83346f5dBFA69A458923",
                "decimals": 8,
                "ticker": "BTC",
                "iconAddress": "0x3212b29E33587A00FB1C83346f5dBFA69A458923",
                "precision": 4,
                "chartColor": "#c38890"
            },
            {
                "symbol": "pBTC",
                "address": "0x5228a22e72ccC52d415EcFd199F99D0665E7733b",
                "decimals": 18,
                "ticker": "BTC",
                "iconAddress": "0x5228a22e72ccC52d415EcFd199F99D0665E7733b",
                "precision": 2,
                "chartColor": "#8b5580"
            },
            {
                "symbol": "sBTC",
                "address": "0xfE18be6b3Bd88A2D2A7f928d00292E7a9963CfC6",
                "decimals": 18,
                "ticker": "BTC",
                "iconAddress": "0xfE18be6b3Bd88A2D2A7f928d00292E7a9963CfC6",
                "precision": 2,
                "chartColor": "#6f6776"
            },
            {
                "symbol": "DZAR",
                "address": "0x9Cb2f26A23b8d89973F08c957C4d7cdf75CD341c",
                "decimals": 6,
                "ticker": "DZAR",
                "iconAddress": "0x9Cb2f26A23b8d89973F08c957C4d7cdf75CD341c",
                "precision": 2,
                "chartColor": "#666092"
            },
            {
                "symbol": "UMA",
                "address": "0x04Fa0d235C4abf4BcF4787aF4CF447DE572eF828",
                "decimals": 18,
                "ticker": "UMA",
                "iconAddress": "0x04Fa0d235C4abf4BcF4787aF4CF447DE572eF828",
                "precision": 2,
                "chartColor": "#a593a5"
            },
            {
                "symbol": "aDAI",
                "address": "0xfC1E690f61EFd961294b3e1Ce3313fBD8aa4f85d",
                "decimals": 18,
                "ticker": "aDAI",
                "iconAddress": "0xfC1E690f61EFd961294b3e1Ce3313fBD8aa4f85d",
                "precision": 2,
                "chartColor": "#c38890"
            },
            {
                "symbol": "aUSDT",
                "address": "0x71fc860F7D3A592A4a98740e39dB31d25db65ae8",
                "decimals": 6,
                "ticker": "aUSDT",
                "iconAddress": "0x71fc860F7D3A592A4a98740e39dB31d25db65ae8",
                "precision": 2,
                "chartColor": "#8b5580"
            },
            {
                "symbol": "aUSDC",
                "address": "0x9bA00D6856a4eDF4665BcA2C2309936572473B7E",
                "decimals": 6,
                "ticker": "aUSDC",
                "iconAddress": "0x9bA00D6856a4eDF4665BcA2C2309936572473B7E",
                "precision": 2,
                "chartColor": "#c5ccb8"
            },
            {
                "symbol": "aSUSD",
                "address": "0x625aE63000f46200499120B906716420bd059240",
                "decimals": 18,
                "ticker": "aSUSD",
                "iconAddress": "0x625aE63000f46200499120B906716420bd059240",
                "precision": 2,
                "chartColor": "#9a9a97"
            },
            {
                "symbol": "aTUSD",
                "address": "0x4DA9b813057D04BAef4e5800E36083717b4a0341",
                "decimals": 18,
                "ticker": "aTUSD",
                "iconAddress": "0x4DA9b813057D04BAef4e5800E36083717b4a0341",
                "precision": 2,
                "chartColor": "#6f6776"
            },
            {
                "symbol": "aBUSD",
                "address": "0x6Ee0f7BB50a54AB5253dA0667B0Dc2ee526C30a8",
                "decimals": 18,
                "ticker": "aBUSD",
                "iconAddress": "0x6Ee0f7BB50a54AB5253dA0667B0Dc2ee526C30a8",
                "precision": 2,
                "chartColor": "#93a167"
            },
            {
                "symbol": "PNK",
                "address": "0x93ED3FBe21207Ec2E8f2d3c3de6e058Cb73Bc04d",
                "decimals": 18,
                "ticker": "PNK",
                "iconAddress": "0x93ED3FBe21207Ec2E8f2d3c3de6e058Cb73Bc04d",
                "precision": 2,
                "chartColor": "#5d2e9a"
            },
            {
                "symbol": "AST",
                "address": "0x27054b13b1B798B345b591a4d22e6562d47eA75a",
                "decimals": 4,
                "ticker": "AST",
                "iconAddress": "0x27054b13b1B798B345b591a4d22e6562d47eA75a",
                "precision": 2,
                "chartColor": "#416aa3"
            },
            {
                "symbol": "ETHBTCRSI7030",
                "address": "0xbf70A33A13fBe8D0106Df321Da0Cf654d2E9Ab50",
                "decimals": 18,
                "ticker": "ETHBTCRSI",
                "iconAddress": "0xbf70A33A13fBe8D0106Df321Da0Cf654d2E9Ab50",
                "precision": 2,
                "chartColor": "#6f6776"
            },
            {
                "symbol": "ETHRSIAPY",
                "address": "0x136faE4333EA36A24bb751E2d505D6ca4Fd9f00b",
                "decimals": 18,
                "ticker": "ETHRSIAPY",
                "iconAddress": "0x136faE4333EA36A24bb751E2d505D6ca4Fd9f00b",
                "precision": 2,
                "chartColor": "#93a167"
            },
            {
                "symbol": "ETHMNY",
                "address": "0xbF4a2DdaA16148a9D0fA2093FfAC450ADb7cd4aa",
                "decimals": 2,
                "ticker": "ETHMNY",
                "iconAddress": "0xbF4a2DdaA16148a9D0fA2093FfAC450ADb7cd4aa",
                "precision": 2,
                "chartColor": "#ff005d"
            },
            {
                "symbol": "KNC",
                "address": "0xdd974D5C2e2928deA5F71b9825b8b646686BD200",
                "decimals": 18,
                "ticker": "KNC",
                "iconAddress": "0xdd974D5C2e2928deA5F71b9825b8b646686BD200",
                "precision": 2,
                "chartColor": "#557064"
            },
            {
                "symbol": "LRC",
                "address": "0xBBbbCA6A901c926F240b89EacB641d8Aec7AEafD",
                "decimals": 18,
                "ticker": "LRC",
                "iconAddress": "0xBBbbCA6A901c926F240b89EacB641d8Aec7AEafD",
                "precision": 2,
                "chartColor": "#6e6962"
            },
            {
                "symbol": "REN",
                "address": "0x408e41876cCCDC0F92210600ef50372656052a38",
                "decimals": 18,
                "ticker": "REN",
                "iconAddress": "0x408e41876cCCDC0F92210600ef50372656052a38",
                "precision": 2,
                "chartColor": "#be955c"
            },
            {
                "symbol": "NEST",
                "address": "0x04abEdA201850aC0124161F037Efd70c74ddC74C",
                "decimals": 18,
                "ticker": "NEST",
                "iconAddress": "0x04abEdA201850aC0124161F037Efd70c74ddC74C",
                "precision": 2,
                "chartColor": "#be955c"
            },
            {
                "symbol": "RPL",
                "address": "0xB4EFd85c19999D84251304bDA99E90B92300Bd93",
                "decimals": 18,
                "ticker": "RPL",
                "iconAddress": "0xB4EFd85c19999D84251304bDA99E90B92300Bd93",
                "precision": 2,
                "chartColor": "#a593a5"
            },
            {
                "symbol": "GHOST",
                "address": "0x4c327471C44B2dacD6E90525f9D629bd2e4f662C",
                "decimals": 18,
                "ticker": "GHOST",
                "iconAddress": "0x4c327471C44B2dacD6E90525f9D629bd2e4f662C",
                "precision": 2,
                "chartColor": "#557064"
            },
            {
                "symbol": "sETH",
                "address": "0x5e74C9036fb86BD7eCdcb084a0673EFc32eA31cb",
                "decimals": 18,
                "ticker": "sETH",
                "iconAddress": "0x5e74C9036fb86BD7eCdcb084a0673EFc32eA31cb",
                "precision": 2,
                "chartColor": "#557064"
            },
            {
                "symbol": "GNO",
                "address": "0x6810e776880C02933D47DB1b9fc05908e5386b96",
                "decimals": 18,
                "ticker": "GNO",
                "iconAddress": "0x6810e776880C02933D47DB1b9fc05908e5386b96",
                "precision": 2,
                "chartColor": "#c38890"
            },
            {
                "symbol": "GEN",
                "address": "0x543Ff227F64Aa17eA132Bf9886cAb5DB55DCAddf",
                "decimals": 18,
                "ticker": "GEN",
                "iconAddress": "0x543Ff227F64Aa17eA132Bf9886cAb5DB55DCAddf",
                "precision": 2,
                "chartColor": "#8b5580"
            },
            {
                "symbol": "DXD",
                "address": "0xa1d65E8fB6e87b60FECCBc582F7f97804B725521",
                "decimals": 18,
                "ticker": "DXD",
                "iconAddress": "0xa1d65E8fB6e87b60FECCBc582F7f97804B725521",
                "precision": 2,
                "chartColor": "#c5ccb8"
            },
            {
                "symbol": "CHAI",
                "address": "0x06AF07097C9Eeb7fD685c692751D5C66dB49c215",
                "decimals": 18,
                "ticker": "CHAI",
                "iconAddress": "0x06AF07097C9Eeb7fD685c692751D5C66dB49c215",
                "precision": 2,
                "chartColor": "#9a9a97"
            },
            {
                "symbol": "NMR",
                "address": "0x1776e1F26f98b1A5dF9cD347953a26dd3Cb46671",
                "decimals": 18,
                "ticker": "NMR",
                "iconAddress": "0x1776e1F26f98b1A5dF9cD347953a26dd3Cb46671",
                "precision": 2,
                "chartColor": "#6e6962"
            },
            {
                "symbol": "LEND",
                "address": "0x80fB784B7eD66730e8b1DBd9820aFD29931aab03",
                "decimals": 18,
                "ticker": "LEND",
                "iconAddress": "0x80fB784B7eD66730e8b1DBd9820aFD29931aab03",
                "precision": 2,
                "chartColor": "#c7bdf4"
            },
            {
                "symbol": "ENJ",
                "address": "0xF629cBd94d3791C9250152BD8dfBDF380E2a3B9c",
                "decimals": 18,
                "ticker": "ENJ",
                "iconAddress": "0xF629cBd94d3791C9250152BD8dfBDF380E2a3B9c",
                "precision": 2,
                "chartColor": "#387080"
            },
            {
                "symbol": "GRID",
                "address": "0x12B19D3e2ccc14Da04FAe33e63652ce469b3F2FD",
                "decimals": 12,
                "ticker": "GRID",
                "iconAddress": "0x12B19D3e2ccc14Da04FAe33e63652ce469b3F2FD",
                "precision": 2,
                "chartColor": "#387080"
            },
            {
                "symbol": "renBTC",
                "address": "0xEB4C2781e4ebA804CE9a9803C67d0893436bB27D",
                "decimals": 8,
                "ticker": "renbtc",
                "iconAddress": "0xEB4C2781e4ebA804CE9a9803C67d0893436bB27D",
                "precision": 2,
                "chartColor": "#9a9a97"
            },
            {
                "symbol": "COMP",
                "address": "0xc00e94Cb662C3520282E6f5717214004A7f26888",
                "decimals": 18,
                "ticker": "COMP",
                "iconAddress": "0xc00e94Cb662C3520282E6f5717214004A7f26888",
                "precision": 2,
                "chartColor": "#387080"
            },
            {
                "symbol": "ETHRSIAPY2",
                "address": "0x9f49ed43C90A540d1cF12f6170aCE8d0B88a14E6",
                "decimals": 18,
                "ticker": "",
                "iconAddress": "0x9f49ed43C90A540d1cF12f6170aCE8d0B88a14E6",
                "precision": 2,
                "chartColor": "#93a167"
            },
            {
                "symbol": "cUSDT",
                "address": "0xf650C3d88D12dB855b8bf7D11Be6C55A4e07dCC9",
                "decimals": 8,
                "ticker": "cUSDT",
                "iconAddress": "0xf650C3d88D12dB855b8bf7D11Be6C55A4e07dCC9",
                "precision": 2,
                "chartColor": "#557064"
            },
            {
                "symbol": "OCEAN",
                "address": "0x985dd3D42De1e256d09e1c10F112bCCB8015AD41",
                "decimals": 18,
                "ticker": "OCEAN",
                "iconAddress": "0x985dd3D42De1e256d09e1c10F112bCCB8015AD41",
                "precision": 2,
                "chartColor": "#220730"
            },
            {
                "symbol": "cREP",
                "address": "0x158079Ee67Fce2f58472A96584A73C7Ab9AC95c1",
                "decimals": 8,
                "ticker": "cREP",
                "iconAddress": "0x158079Ee67Fce2f58472A96584A73C7Ab9AC95c1",
                "precision": 2,
                "chartColor": "#220730"
            },
            {
                "symbol": "EDO",
                "address": "0xCeD4E93198734dDaFf8492d525Bd258D49eb388E",
                "decimals": 18,
                "ticker": "EDO",
                "iconAddress": "0xCeD4E93198734dDaFf8492d525Bd258D49eb388E",
                "precision": 2,
                "chartColor": "#9a4f50"
            },
            {
                "symbol": "PAX",
                "address": "0x8E870D67F660D95d5be530380D0eC0bd388289E1",
                "decimals": 18,
                "ticker": "PAX",
                "iconAddress": "0x8E870D67F660D95d5be530380D0eC0bd388289E1",
                "precision": 2,
                "chartColor": "#666092"
            },
            {
                "symbol": "BLT",
                "address": "0x107c4504cd79C5d2696Ea0030a8dD4e92601B82e",
                "decimals": 18,
                "ticker": "BLT",
                "iconAddress": "0x107c4504cd79C5d2696Ea0030a8dD4e92601B82e",
                "precision": 2,
                "chartColor": "#8b5580"
            },
            {
                "symbol": "CVC",
                "address": "0x41e5560054824eA6B0732E656E3Ad64E20e94E45",
                "decimals": 8,
                "ticker": "CVC",
                "iconAddress": "0x41e5560054824eA6B0732E656E3Ad64E20e94E45",
                "precision": 2,
                "chartColor": "#c5ccb8"
            },
            {
                "symbol": "MANA",
                "address": "0x0F5D2fB29fb7d3CFeE444a200298f468908cC942",
                "decimals": 18,
                "ticker": "MANA",
                "iconAddress": "0x0F5D2fB29fb7d3CFeE444a200298f468908cC942",
                "precision": 2,
                "chartColor": "#9a9a97"
            },
            {
                "symbol": "DATA",
                "address": "0x0Cf0Ee63788A0849fE5297F3407f701E122cC023",
                "decimals": 18,
                "ticker": "DATA",
                "iconAddress": "0x0Cf0Ee63788A0849fE5297F3407f701E122cC023",
                "precision": 2,
                "chartColor": "#6f6776"
            },
            {
                "symbol": "POWR",
                "address": "0x595832F8FC6BF59c85C527fEC3740A1b7a361269",
                "decimals": 6,
                "ticker": "POWR",
                "iconAddress": "0x595832F8FC6BF59c85C527fEC3740A1b7a361269",
                "precision": 2,
                "chartColor": "#433455"
            },
            {
                "symbol": "DNT",
                "address": "0x0AbdAce70D3790235af448C88547603b945604ea",
                "decimals": 18,
                "ticker": "DNT",
                "iconAddress": "0x0AbdAce70D3790235af448C88547603b945604ea",
                "precision": 2,
                "chartColor": "#5d6872"
            },
            {
                "symbol": "SHIP",
                "address": "0xe25b0BBA01Dc5630312B6A21927E578061A13f55",
                "decimals": 18,
                "ticker": "SHIP",
                "iconAddress": "0xe25b0BBA01Dc5630312B6A21927E578061A13f55",
                "precision": 2,
                "chartColor": "#7e9e99"
            },
            {
                "symbol": "TRAC",
                "address": "0xaA7a9CA87d3694B5755f213B5D04094b8d0F0A6F",
                "decimals": 18,
                "ticker": "TRAC",
                "iconAddress": "0xaA7a9CA87d3694B5755f213B5D04094b8d0F0A6F",
                "precision": 2,
                "chartColor": "#9d9f7f"
            },
            {
                "symbol": "TFD",
                "address": "0xE5F166c0D8872B68790061317BB6CcA04582C912",
                "decimals": 18,
                "ticker": "TFD",
                "iconAddress": "0xE5F166c0D8872B68790061317BB6CcA04582C912",
                "precision": 2,
                "chartColor": "#557064"
            },
            {
                "symbol": "BLZ",
                "address": "0x5732046A883704404F284Ce41FfADd5b007FD668",
                "decimals": 18,
                "ticker": "BLZ",
                "iconAddress": "0x5732046A883704404F284Ce41FfADd5b007FD668",
                "precision": 2,
                "chartColor": "#6eaa78"
            },
            {
                "symbol": "MATIC",
                "address": "0x7D1AfA7B718fb893dB30A3aBc0Cfc608AaCfeBB0",
                "decimals": 18,
                "ticker": "MATIC",
                "iconAddress": "0x7D1AfA7B718fb893dB30A3aBc0Cfc608AaCfeBB0",
                "precision": 2,
                "chartColor": "#93a167"
            },
            {
                "symbol": "FOAM",
                "address": "0x4946Fcea7C692606e8908002e55A582af44AC121",
                "decimals": 18,
                "ticker": "FOAM",
                "iconAddress": "0x4946Fcea7C692606e8908002e55A582af44AC121",
                "precision": 2,
                "chartColor": "#6e6962"
            },
            {
                "symbol": "DIP",
                "address": "0xc719d010B63E5bbF2C0551872CD5316ED26AcD83",
                "decimals": 18,
                "ticker": "DIP",
                "iconAddress": "0xc719d010B63E5bbF2C0551872CD5316ED26AcD83",
                "precision": 2,
                "chartColor": "#387080"
            },
            {
                "symbol": "LEV",
                "address": "0x0F4CA92660Efad97a9a70CB0fe969c755439772C",
                "decimals": 9,
                "ticker": "LEV",
                "iconAddress": "0x0F4CA92660Efad97a9a70CB0fe969c755439772C",
                "precision": 2,
                "chartColor": "#8d6268"
            },
            {
                "symbol": "BUIDL",
                "address": "0x7b123f53421b1bF8533339BFBdc7C98aA94163db",
                "decimals": 18,
                "ticker": "BUIDL",
                "iconAddress": "0x7b123f53421b1bF8533339BFBdc7C98aA94163db",
                "precision": 2,
                "chartColor": "#416aa3"
            },
            {
                "symbol": "CEL",
                "address": "0xaaAEBE6Fe48E54f431b0C390CfaF0b017d09D42d",
                "decimals": 4,
                "ticker": "CEL",
                "iconAddress": "0xaaAEBE6Fe48E54f431b0C390CfaF0b017d09D42d",
                "precision": 2,
                "chartColor": "#7ca1c0"
            },
            {
                "symbol": "TRB",
                "address": "0x0Ba45A8b5d5575935B8158a88C631E9F9C95a2e5",
                "decimals": 18,
                "ticker": "TRB",
                "iconAddress": "0x0Ba45A8b5d5575935B8158a88C631E9F9C95a2e5",
                "precision": 2,
                "chartColor": "#9a4f50"
            },
            {
                "symbol": "QNT",
                "address": "0x4a220E6096B25EADb88358cb44068A3248254675",
                "decimals": 18,
                "ticker": "QNT",
                "iconAddress": "0x4a220E6096B25EADb88358cb44068A3248254675",
                "precision": 2,
                "chartColor": "#666092"
            },
            {
                "symbol": "SNT",
                "address": "0x744d70FDBE2Ba4CF95131626614a1763DF805B9E",
                "decimals": 18,
                "ticker": "SNT",
                "iconAddress": "0x744d70FDBE2Ba4CF95131626614a1763DF805B9E",
                "precision": 2,
                "chartColor": "#a593a5"
            },
            {
                "symbol": "CHZ",
                "address": "0x3506424F91fD33084466F402d5D97f05F8e3b4AF",
                "decimals": 18,
                "ticker": "CHZ",
                "iconAddress": "0x3506424F91fD33084466F402d5D97f05F8e3b4AF",
                "precision": 2,
                "chartColor": "#c38890"
            },
            {
                "symbol": "MLN",
                "address": "0xec67005c4E498Ec7f55E092bd1d35cbC47C91892",
                "decimals": 18,
                "ticker": "MLN",
                "iconAddress": "0xec67005c4E498Ec7f55E092bd1d35cbC47C91892",
                "precision": 2,
                "chartColor": "#8b5580"
            },
            {
                "symbol": "RSR",
                "address": "0x8762db106B2c2A0bccB3A80d1Ed41273552616E8",
                "decimals": 18,
                "ticker": "RSR",
                "iconAddress": "0x8762db106B2c2A0bccB3A80d1Ed41273552616E8",
                "precision": 2,
                "chartColor": "#c5ccb8"
            },
            {
                "symbol": "HOT",
                "address": "0x6c6EE5e31d828De241282B9606C8e98Ea48526E2",
                "decimals": 18,
                "ticker": "HOT",
                "iconAddress": "0x6c6EE5e31d828De241282B9606C8e98Ea48526E2",
                "precision": 2,
                "chartColor": "#9a9a97"
            },
            {
                "symbol": "ANJ",
                "address": "0xcD62b1C403fa761BAadFC74C525ce2B51780b184",
                "decimals": 18,
                "ticker": "ANJ",
                "iconAddress": "0xcD62b1C403fa761BAadFC74C525ce2B51780b184",
                "precision": 2,
                "chartColor": "#6f6776"
            },
            {
                "symbol": "UBT",
                "address": "0x8400D94A5cb0fa0D041a3788e395285d61c9ee5e",
                "decimals": 8,
                "ticker": "UBT",
                "iconAddress": "0x8400D94A5cb0fa0D041a3788e395285d61c9ee5e",
                "precision": 2,
                "chartColor": "#433455"
            },
            {
                "symbol": "FUN",
                "address": "0x419D0d8BdD9aF5e606Ae2232ed285Aff190E711b",
                "decimals": 8,
                "ticker": "FUN",
                "iconAddress": "0x419D0d8BdD9aF5e606Ae2232ed285Aff190E711b",
                "precision": 2,
                "chartColor": "#5d6872"
            },
            {
                "symbol": "STORJ",
                "address": "0xB64ef51C888972c908CFacf59B47C1AfBC0Ab8aC",
                "decimals": 8,
                "ticker": "STORJ",
                "iconAddress": "0xB64ef51C888972c908CFacf59B47C1AfBC0Ab8aC",
                "precision": 2,
                "chartColor": "#7e9e99"
            },
            {
                "symbol": "MCX",
                "address": "0xd15eCDCF5Ea68e3995b2D0527A0aE0a3258302F8",
                "decimals": 18,
                "ticker": "MCX",
                "iconAddress": "0xd15eCDCF5Ea68e3995b2D0527A0aE0a3258302F8",
                "precision": 2,
                "chartColor": "#9d9f7f"
            },
            {
                "symbol": "BCDT",
                "address": "0xAcfa209Fb73bF3Dd5bBfb1101B9Bc999C49062a5",
                "decimals": 18,
                "ticker": "BCDT",
                "iconAddress": "0xAcfa209Fb73bF3Dd5bBfb1101B9Bc999C49062a5",
                "precision": 2,
                "chartColor": "#6eaa78"
            },
            {
                "symbol": "IDEX",
                "address": "0xB705268213D593B8FD88d3FDEFF93AFF5CbDcfAE",
                "decimals": 18,
                "ticker": "IDEX",
                "iconAddress": "0xB705268213D593B8FD88d3FDEFF93AFF5CbDcfAE",
                "precision": 2,
                "chartColor": "#93a167"
            },
            {
                "symbol": "mUSD",
                "address": "0xe2f2a5C287993345a840Db3B0845fbC70f5935a5",
                "decimals": 18,
                "ticker": "mUSD",
                "iconAddress": "0xe2f2a5C287993345a840Db3B0845fbC70f5935a5",
                "precision": 2,
                "chartColor": "#6e6962"
            },
            {
                "symbol": "USD++",
                "address": "0x9A48BD0EC040ea4f1D3147C025cd4076A2e71e3e",
                "decimals": 18,
                "ticker": "USD++",
                "iconAddress": "0x9A48BD0EC040ea4f1D3147C025cd4076A2e71e3e",
                "precision": 2,
                "chartColor": "#387080"
            },
            {
                "symbol": "AUC",
                "address": "0xc12d099be31567add4e4e4d0D45691C3F58f5663",
                "decimals": 18,
                "ticker": "AUC",
                "iconAddress": "0xc12d099be31567add4e4e4d0D45691C3F58f5663",
                "precision": 2,
                "chartColor": "#68aca9"
            },
            {
                "symbol": "OWL",
                "address": "0x1A5F9352Af8aF974bFC03399e3767DF6370d82e4",
                "decimals": 18,
                "ticker": "OWL",
                "iconAddress": "0x1A5F9352Af8aF974bFC03399e3767DF6370d82e4",
                "precision": 2,
                "chartColor": "#be955c"
            },
            {
                "symbol": "AGI",
                "address": "0x8eB24319393716668D768dCEC29356ae9CfFe285",
                "decimals": 8,
                "ticker": "AGI",
                "iconAddress": "0x8eB24319393716668D768dCEC29356ae9CfFe285",
                "precision": 2,
                "chartColor": "#8d6268"
            },
            {
                "symbol": "LPT",
                "address": "0x58b6A8A3302369DAEc383334672404Ee733aB239",
                "decimals": 18,
                "ticker": "LPT",
                "iconAddress": "0x58b6A8A3302369DAEc383334672404Ee733aB239",
                "precision": 2,
                "chartColor": "#416aa3"
            },
            {
                "symbol": "TUSD",
                "address": "0x0000000000085d4780B73119b644AE5ecd22b376",
                "decimals": 18,
                "ticker": "TUSD",
                "iconAddress": "0x0000000000085d4780B73119b644AE5ecd22b376",
                "precision": 2,
                "chartColor": "#7ca1c0"
            },
            {
                "symbol": "DMG",
                "address": "0xEd91879919B71bB6905f23af0A68d231EcF87b14",
                "decimals": 18,
                "ticker": "DMG",
                "iconAddress": "0xEd91879919B71bB6905f23af0A68d231EcF87b14",
                "precision": 2,
                "chartColor": "#c28d75"
            },
            {
                "symbol": "cZRX",
                "address": "0xB3319f5D18Bc0D84dD1b4825Dcde5d5f7266d407",
                "decimals": 8,
                "ticker": "cZRX",
                "iconAddress": "0xB3319f5D18Bc0D84dD1b4825Dcde5d5f7266d407",
                "precision": 2,
                "chartColor": "#9a4f50"
            },
            {
                "symbol": "cBAT",
                "address": "0x6C8c6b02E7b2BE14d4fA6022Dfd6d75921D90E4E",
                "decimals": 8,
                "ticker": "cBAT",
                "iconAddress": "0x6C8c6b02E7b2BE14d4fA6022Dfd6d75921D90E4E",
                "precision": 2,
                "chartColor": "#666092"
            },
            {
                "symbol": "STAKE",
                "address": "0x0Ae055097C6d159879521C384F1D2123D1f195e6",
                "decimals": 18,
                "ticker": "STAKE",
                "iconAddress": "0x0Ae055097C6d159879521C384F1D2123D1f195e6",
                "precision": 2,
                "chartColor": "#a593a5"
            },
            {
                "symbol": "RLC",
                "address": "0x607F4C5BB672230e8672085532f7e901544a7375",
                "decimals": 9,
                "ticker": "RLC",
                "iconAddress": "0x607F4C5BB672230e8672085532f7e901544a7375",
                "precision": 2,
                "chartColor": "#c38890"
            },
            {
                "symbol": "REQ",
                "address": "0x8f8221aFbB33998d8584A2B05749bA73c37a938a",
                "decimals": 18,
                "ticker": "REQ",
                "iconAddress": "0x8f8221aFbB33998d8584A2B05749bA73c37a938a",
                "precision": 2,
                "chartColor": "#8b5580"
            },
            {
                "symbol": "BNT",
                "address": "0x1F573D6Fb3F13d689FF844B4cE37794d79a7FF1C",
                "decimals": 18,
                "ticker": "BNT",
                "iconAddress": "0x1F573D6Fb3F13d689FF844B4cE37794d79a7FF1C",
                "precision": 2,
                "chartColor": "#c5ccb8"
            },
            {
                "symbol": "PRO",
                "address": "0x9041Fe5B3FDEA0f5e4afDC17e75180738D877A01",
                "decimals": 18,
                "ticker": "PRA",
                "iconAddress": "0x9041Fe5B3FDEA0f5e4afDC17e75180738D877A01",
                "precision": 2,
                "chartColor": "#9a9a97"
            },
            {
                "symbol": "JRT",
                "address": "0x8A9C67fee641579dEbA04928c4BC45F66e26343A",
                "decimals": 18,
                "ticker": "JRT",
                "iconAddress": "0x8A9C67fee641579dEbA04928c4BC45F66e26343A",
                "precision": 2,
                "chartColor": "#6f6776"
            },
            {
                "symbol": "cWBTC",
                "address": "0xC11b1268C1A384e55C48c2391d8d480264A3A7F4",
                "decimals": 8,
                "ticker": "cWBTC",
                "iconAddress": "0xC11b1268C1A384e55C48c2391d8d480264A3A7F4",
                "precision": 4,
                "chartColor": "#be955c"
            },
            {
                "symbol": "rDAI",
                "address": "0x261b45D85cCFeAbb11F022eBa346ee8D1cd488c0",
                "decimals": 18,
                "ticker": "rDAI",
                "iconAddress": "0x261b45D85cCFeAbb11F022eBa346ee8D1cd488c0",
                "precision": 2,
                "chartColor": "#68aca9"
            },
            {
                "symbol": "AKRO",
                "address": "0x8Ab7404063Ec4DBcfd4598215992DC3F8EC853d7",
                "decimals": 18,
                "ticker": "AKRO",
                "iconAddress": "0x8Ab7404063Ec4DBcfd4598215992DC3F8EC853d7",
                "precision": 2,
                "chartColor": "#387080"
            },
            {
                "symbol": "sXAU",
                "address": "0x261EfCdD24CeA98652B9700800a13DfBca4103fF",
                "decimals": 18,
                "ticker": "sXAU",
                "iconAddress": "0x261EfCdD24CeA98652B9700800a13DfBca4103fF",
                "precision": 4,
                "chartColor": "#6e6962"
            },
            {
                "symbol": "TRYb",
                "address": "0x2C537E5624e4af88A7ae4060C022609376C8D0EB",
                "decimals": 6,
                "ticker": "TRYb",
                "iconAddress": "0x2C537E5624e4af88A7ae4060C022609376C8D0EB",
                "precision": 2,
                "chartColor": "#93a167"
            },
            {
                "symbol": "C20",
                "address": "0x26E75307Fc0C021472fEb8F727839531F112f317",
                "decimals": 18,
                "ticker": "C20",
                "iconAddress": "0x26E75307Fc0C021472fEb8F727839531F112f317",
                "precision": 2,
                "chartColor": "#6f6776"
            },
            {
                "symbol": "FXC",
                "address": "0x4a57E687b9126435a9B19E4A802113e266AdeBde",
                "decimals": 18,
                "ticker": "FXC",
                "iconAddress": "0x4a57E687b9126435a9B19E4A802113e266AdeBde",
                "precision": 2,
                "chartColor": "#9a9a97"
            },
            {
                "symbol": "IHF",
                "address": "0xaF1250fa68D7DECD34fD75dE8742Bc03B29BD58e",
                "decimals": 18,
                "ticker": "IHF",
                "iconAddress": "0xaF1250fa68D7DECD34fD75dE8742Bc03B29BD58e",
                "precision": 2,
                "chartColor": "#c5ccb8"
            },
            {
                "symbol": "KEEP",
                "address": "0x85Eee30c52B0b379b046Fb0F85F4f3Dc3009aFEC",
                "decimals": 18,
                "ticker": "KEEP",
                "iconAddress": "0x85Eee30c52B0b379b046Fb0F85F4f3Dc3009aFEC",
                "precision": 2,
                "chartColor": "#8b5580"
            },
            {
                "symbol": "MFT",
                "address": "0xDF2C7238198Ad8B389666574f2d8bc411A4b7428",
                "decimals": 18,
                "ticker": "MFT",
                "iconAddress": "0xDF2C7238198Ad8B389666574f2d8bc411A4b7428",
                "precision": 2,
                "chartColor": "#c38890"
            },
            {
                "symbol": "OGN",
                "address": "0x8207c1FfC5B6804F6024322CcF34F29c3541Ae26",
                "decimals": 18,
                "ticker": "OGN",
                "iconAddress": "0x8207c1FfC5B6804F6024322CcF34F29c3541Ae26",
                "precision": 2,
                "chartColor": "#a593a5"
            },
            {
                "symbol": "POLY",
                "address": "0x9992eC3cF6A55b00978cdDF2b27BC6882d88D1eC",
                "decimals": 18,
                "ticker": "POLY",
                "iconAddress": "0x9992eC3cF6A55b00978cdDF2b27BC6882d88D1eC",
                "precision": 2,
                "chartColor": "#666092"
            },
            {
                "symbol": "RNDR",
                "address": "0x6De037ef9aD2725EB40118Bb1702EBb27e4Aeb24",
                "decimals": 18,
                "ticker": "RNDR",
                "iconAddress": "0x6De037ef9aD2725EB40118Bb1702EBb27e4Aeb24",
                "precision": 2,
                "chartColor": "#9a4f50"
            },
            {
                "symbol": "TKN",
                "address": "0xaAAf91D9b90dF800Df4F55c205fd6989c977E73a",
                "decimals": 8,
                "ticker": "TKN",
                "iconAddress": "0xaAAf91D9b90dF800Df4F55c205fd6989c977E73a",
                "precision": 2,
                "chartColor": "#c28d75"
            },
            {
                "symbol": "VGX",
                "address": "0x5Af2Be193a6ABCa9c8817001F45744777Db30756",
                "decimals": 8,
                "ticker": "VGX",
                "iconAddress": "0x5Af2Be193a6ABCa9c8817001F45744777Db30756",
                "precision": 2,
                "chartColor": "#7ca1c0"
            },
            {
                "symbol": "aBAT",
                "address": "0xE1BA0FB44CCb0D11b80F92f4f8Ed94CA3fF51D00",
                "decimals": 18,
                "ticker": "aBAT",
                "iconAddress": "0xE1BA0FB44CCb0D11b80F92f4f8Ed94CA3fF51D00",
                "precision": 2,
                "chartColor": "#416aa3"
            },
            {
                "symbol": "aETH",
                "address": "0x3a3A65aAb0dd2A17E3F1947bA16138cd37d08c04",
                "decimals": 18,
                "ticker": "aETH",
                "iconAddress": "0x3a3A65aAb0dd2A17E3F1947bA16138cd37d08c04",
                "precision": 4,
                "chartColor": "#8d6268"
            },
            {
                "symbol": "aKNC",
                "address": "0x9D91BE44C06d373a8a226E1f3b146956083803eB",
                "decimals": 18,
                "ticker": "aKNC",
                "iconAddress": "0x9D91BE44C06d373a8a226E1f3b146956083803eB",
                "precision": 2,
                "chartColor": "#be955c"
            },
            {
                "symbol": "aLEND",
                "address": "0x7D2D3688Df45Ce7C552E19c27e007673da9204B8",
                "decimals": 18,
                "ticker": "aLEND",
                "iconAddress": "0x7D2D3688Df45Ce7C552E19c27e007673da9204B8",
                "precision": 2,
                "chartColor": "#68aca9"
            },
            {
                "symbol": "aLINK",
                "address": "0xA64BD6C70Cb9051F6A9ba1F163Fdc07E0DfB5F84",
                "decimals": 18,
                "ticker": "aLINK",
                "iconAddress": "0xA64BD6C70Cb9051F6A9ba1F163Fdc07E0DfB5F84",
                "precision": 2,
                "chartColor": "#387080"
            },
            {
                "symbol": "aMANA",
                "address": "0x6FCE4A401B6B80ACe52baAefE4421Bd188e76F6f",
                "decimals": 18,
                "ticker": "aMANA",
                "iconAddress": "0x6FCE4A401B6B80ACe52baAefE4421Bd188e76F6f",
                "precision": 2,
                "chartColor": "#6e6962"
            },
            {
                "symbol": "aMKR",
                "address": "0x7deB5e830be29F91E298ba5FF1356BB7f8146998",
                "decimals": 18,
                "ticker": "aMKR",
                "iconAddress": "0x7deB5e830be29F91E298ba5FF1356BB7f8146998",
                "precision": 4,
                "chartColor": "#93a167"
            },
            {
                "symbol": "aREP",
                "address": "0x71010A9D003445aC60C4e6A7017c1E89A477B438",
                "decimals": 18,
                "ticker": "aREP",
                "iconAddress": "0x71010A9D003445aC60C4e6A7017c1E89A477B438",
                "precision": 4,
                "chartColor": "#6eaa78"
            },
            {
                "symbol": "aSNX",
                "address": "0x328C4c80BC7aCa0834Db37e6600A6c49E12Da4DE",
                "decimals": 18,
                "ticker": "aSNX",
                "iconAddress": "0x328C4c80BC7aCa0834Db37e6600A6c49E12Da4DE",
                "precision": 2,
                "chartColor": "#557064"
            },
            {
                "symbol": "aWBTC",
                "address": "0xFC4B8ED459e00e5400be803A9BB3954234FD50e3",
                "decimals": 8,
                "ticker": "aWBTC",
                "iconAddress": "0xFC4B8ED459e00e5400be803A9BB3954234FD50e3",
                "precision": 4,
                "chartColor": "#9d9f7f"
            },
            {
                "symbol": "aZRX",
                "address": "0x6Fb0855c404E09c47C3fBCA25f08d4E41f9F062f",
                "decimals": 18,
                "ticker": "aZRX",
                "iconAddress": "0x6Fb0855c404E09c47C3fBCA25f08d4E41f9F062f",
                "precision": 2,
                "chartColor": "#7e9e99"
            },
            {
                "symbol": "100W",
                "address": "0xC7D79021CD127A2f35b1E26fe3c4aAD67f5c28b8",
                "decimals": 18,
                "ticker": "100W",
                "iconAddress": "0xC7D79021CD127A2f35b1E26fe3c4aAD67f5c28b8",
                "precision": 2,
                "chartColor": "#5d6872"
            },
            {
                "symbol": "100WETH",
                "address": "0x54355Ae0485F9420e6cE4c00C10172dc8E5728A3",
                "decimals": 18,
                "ticker": "100WETH",
                "iconAddress": "0x54355Ae0485F9420e6cE4c00C10172dc8E5728A3",
                "precision": 2,
                "chartColor": "#6f6776"
            },
            {
                "symbol": "100WRATIO",
                "address": "0x07509c281B55A1675D3f71F1c4ab67829eb731d3",
                "decimals": 18,
                "ticker": "100WRATIO",
                "iconAddress": "0x07509c281B55A1675D3f71F1c4ab67829eb731d3",
                "precision": 2,
                "chartColor": "#9a9a97"
            },
            {
                "symbol": "ASETH",
                "address": "0x0BF54992649C19bd8Db4080078a32383827352f3",
                "decimals": 18,
                "ticker": "ASETH",
                "iconAddress": "0x0BF54992649C19bd8Db4080078a32383827352f3",
                "precision": 2,
                "chartColor": "#c5ccb8"
            },
            {
                "symbol": "BBB",
                "address": "0x58723C7Afcd33A2Db6Ae06C37521725D65F0cC15",
                "decimals": 18,
                "ticker": "BBB",
                "iconAddress": "0x58723C7Afcd33A2Db6Ae06C37521725D65F0cC15",
                "precision": 2,
                "chartColor": "#8b5580"
            },
            {
                "symbol": "BBE",
                "address": "0xF43B2f981eFC5a611a97951Ce4fd7d3Bd87f4902",
                "decimals": 18,
                "ticker": "BBE",
                "iconAddress": "0xF43B2f981eFC5a611a97951Ce4fd7d3Bd87f4902",
                "precision": 2,
                "chartColor": "#c38890"
            },
            {
                "symbol": "BHY",
                "address": "0x48ac44f4E29e602f851B84C271c22B85B9447251",
                "decimals": 18,
                "ticker": "BHY",
                "iconAddress": "0x48ac44f4E29e602f851B84C271c22B85B9447251",
                "precision": 2,
                "chartColor": "#a593a5"
            },
            {
                "symbol": "BLL",
                "address": "0xc7088fAc73c55bfaE5c2A963C3029B072c7dfF25",
                "decimals": 18,
                "ticker": "BLL",
                "iconAddress": "0xc7088fAc73c55bfaE5c2A963C3029B072c7dfF25",
                "precision": 2,
                "chartColor": "#666092"
            },
            {
                "symbol": "BLOAP",
                "address": "0xe6404a4472E5222b440F8faFb795553046000841",
                "decimals": 18,
                "ticker": "BLOAP",
                "iconAddress": "0xe6404a4472E5222b440F8faFb795553046000841",
                "precision": 2,
                "chartColor": "#9a4f50"
            },
            {
                "symbol": "BOCBP",
                "address": "0xc39835d32428728cbDe6903f84c76750976C0323",
                "decimals": 18,
                "ticker": "BOCBP",
                "iconAddress": "0xc39835d32428728cbDe6903f84c76750976C0323",
                "precision": 2,
                "chartColor": "#c28d75"
            },
            {
                "symbol": "BRRR",
                "address": "0x8abf3a95862619A55fA00CB3e4eeDBe113ff468C",
                "decimals": 18,
                "ticker": "BRRR",
                "iconAddress": "0x8abf3a95862619A55fA00CB3e4eeDBe113ff468C",
                "precision": 2,
                "chartColor": "#7ca1c0"
            },
            {
                "symbol": "BTCFUND",
                "address": "0x2409D6059e2A8130c099e49F3cb418fd6C3d9AFf",
                "decimals": 18,
                "ticker": "BTCFUND",
                "iconAddress": "0x2409D6059e2A8130c099e49F3cb418fd6C3d9AFf",
                "precision": 2,
                "chartColor": "#416aa3"
            },
            {
                "symbol": "BTCTA",
                "address": "0xd218D75BA0fC45858a4E9EF57A257Ed9977dB5f4",
                "decimals": 18,
                "ticker": "BTCUSDCTA",
                "iconAddress": "0xd218D75BA0fC45858a4E9EF57A257Ed9977dB5f4",
                "precision": 2,
                "chartColor": "#8d6268"
            },
            {
                "symbol": "BYTE",
                "address": "0xAC8Ea871e2d5F4Be618905F36f73c760f8cFDC8E",
                "decimals": 18,
                "ticker": "BYTE",
                "iconAddress": "0xAC8Ea871e2d5F4Be618905F36f73c760f8cFDC8E",
                "precision": 2,
                "chartColor": "#be955c"
            },
            {
                "symbol": "CHADLINK",
                "address": "0x19F4a2f8E21915376F1429C26a3A9B9b1db5FF5A",
                "decimals": 18,
                "ticker": "CHADLINK",
                "iconAddress": "0x19F4a2f8E21915376F1429C26a3A9B9b1db5FF5A",
                "precision": 2,
                "chartColor": "#68aca9"
            },
            {
                "symbol": "COINBTC",
                "address": "0xBddD682E63dd9f9fA3b97aEa88772E77cf3e5013",
                "decimals": 18,
                "ticker": "COINBTC",
                "iconAddress": "0xBddD682E63dd9f9fA3b97aEa88772E77cf3e5013",
                "precision": 2,
                "chartColor": "#387080"
            },
            {
                "symbol": "EBLOAP",
                "address": "0x253444bd9ECf11E5516d6D00974e91c9F0857CCB",
                "decimals": 18,
                "ticker": "EBLOAP",
                "iconAddress": "0x253444bd9ECf11E5516d6D00974e91c9F0857CCB",
                "precision": 2,
                "chartColor": "#6e6962"
            },
            {
                "symbol": "EHY",
                "address": "0x78481fB80CAabb252909218164266Ac83F815000",
                "decimals": 18,
                "ticker": "EHY",
                "iconAddress": "0x78481fB80CAabb252909218164266Ac83F815000",
                "precision": 2,
                "chartColor": "#93a167"
            },
            {
                "symbol": "ELL",
                "address": "0x7E4d1Cd8927Ce41bcbfa4f32cADa1a6998cb5a51",
                "decimals": 18,
                "ticker": "ELL",
                "iconAddress": "0x7E4d1Cd8927Ce41bcbfa4f32cADa1a6998cb5a51",
                "precision": 2,
                "chartColor": "#6eaa78"
            },
            {
                "symbol": "ELOAP",
                "address": "0xC19216eea17b2f4DD677f1024CdA59C7D142F189",
                "decimals": 18,
                "ticker": "ELOAP",
                "iconAddress": "0xC19216eea17b2f4DD677f1024CdA59C7D142F189",
                "precision": 2,
                "chartColor": "#557064"
            },
            {
                "symbol": "ETA",
                "address": "0x1003eC54F51565fF86Ac611184Ea23d6310CaE71",
                "decimals": 18,
                "ticker": "ETA",
                "iconAddress": "0x1003eC54F51565fF86Ac611184Ea23d6310CaE71",
                "precision": 2,
                "chartColor": "#9d9f7f"
            },
            {
                "symbol": "ETAS",
                "address": "0x856c4388C56c2a613c60507a4701af627157Fed6",
                "decimals": 18,
                "ticker": "ETAS",
                "iconAddress": "0x856c4388C56c2a613c60507a4701af627157Fed6",
                "precision": 2,
                "chartColor": "#7e9e99"
            },
            {
                "symbol": "ETH10K",
                "address": "0xAbC754aC2161B557D28062F41DcC0fc18440ac7E",
                "decimals": 18,
                "ticker": "ETH10K",
                "iconAddress": "0xAbC754aC2161B557D28062F41DcC0fc18440ac7E",
                "precision": 2,
                "chartColor": "#5d6872"
            },
            {
                "symbol": "ETH12EMACO",
                "address": "0x2c5a9980B41861D91D30d0E0271d1c093452DcA5",
                "decimals": 18,
                "ticker": "ETH12EMACO",
                "iconAddress": "0x2c5a9980B41861D91D30d0E0271d1c093452DcA5",
                "precision": 2,
                "chartColor": "#6f6776"
            },
            {
                "symbol": "ETH20SMACO",
                "address": "0x9ea463Ec4cE9E9E5bc9cFd0187C4Ac3a70DD951D",
                "decimals": 18,
                "ticker": "ETH20SMACO",
                "iconAddress": "0x9ea463Ec4cE9E9E5bc9cFd0187C4Ac3a70DD951D",
                "precision": 2,
                "chartColor": "#9a9a97"
            },
            {
                "symbol": "ETH26EMACO",
                "address": "0x614857C755739354d68AE0abD53849cf45d6A41D",
                "decimals": 18,
                "ticker": "ETH26EMACO",
                "iconAddress": "0x614857C755739354d68AE0abD53849cf45d6A41D",
                "precision": 2,
                "chartColor": "#c5ccb8"
            },
            {
                "symbol": "ETH50SMACO",
                "address": "0xa360F2aF3F957906468c0FD7526391AeD08aE3DB",
                "decimals": 18,
                "ticker": "ETH50SMACO",
                "iconAddress": "0xa360F2aF3F957906468c0FD7526391AeD08aE3DB",
                "precision": 2,
                "chartColor": "#8b5580"
            },
            {
                "symbol": "ETHBTC26EMACO",
                "address": "0xB9FfE0b8Ee2d1Af94202FFED366520300748A4d8",
                "decimals": 18,
                "ticker": "ETHBTCEMACO",
                "iconAddress": "0xB9FfE0b8Ee2d1Af94202FFED366520300748A4d8",
                "precision": 2,
                "chartColor": "#c38890"
            },
            {
                "symbol": "ETHBTCPA",
                "address": "0x1bcCA39aE82e53dede8eC5500c3BCd76Cd1e0072",
                "decimals": 18,
                "ticker": "ETHBTCPA",
                "iconAddress": "0x1bcCA39aE82e53dede8eC5500c3BCd76Cd1e0072",
                "precision": 2,
                "chartColor": "#a593a5"
            },
            {
                "symbol": "ETHDAIS",
                "address": "0xa12a696B9B11788076A6cb384CAc6986b82545E1",
                "decimals": 18,
                "ticker": "ETHDAIS",
                "iconAddress": "0xa12a696B9B11788076A6cb384CAc6986b82545E1",
                "precision": 2,
                "chartColor": "#666092"
            },
            {
                "symbol": "ETHEMAAPY",
                "address": "0x54e8371C1EC43e58fB53D4ef4eD463C17Ba8a6bE",
                "decimals": 18,
                "ticker": "ETHEMAAPY",
                "iconAddress": "0x54e8371C1EC43e58fB53D4ef4eD463C17Ba8a6bE",
                "precision": 2,
                "chartColor": "#9a4f50"
            },
            {
                "symbol": "ETHMACOAPY",
                "address": "0xB647a1D7633c6C4d434e22eE9756b36F2b219525",
                "decimals": 18,
                "ticker": "ETHMACOAPY",
                "iconAddress": "0xB647a1D7633c6C4d434e22eE9756b36F2b219525",
                "precision": 2,
                "chartColor": "#c28d75"
            },
            {
                "symbol": "ETHMO",
                "address": "0x98A25bA4c3793B9029652cBc1a8875cBe223dF13",
                "decimals": 18,
                "ticker": "ETHMO",
                "iconAddress": "0x98A25bA4c3793B9029652cBc1a8875cBe223dF13",
                "precision": 2,
                "chartColor": "#7ca1c0"
            },
            {
                "symbol": "ETHMOONX",
                "address": "0xB1CA7E6714263a64659A3a89E1C313af30fD660A",
                "decimals": 18,
                "ticker": "ETHMOONX",
                "iconAddress": "0xB1CA7E6714263a64659A3a89E1C313af30fD660A",
                "precision": 2,
                "chartColor": "#416aa3"
            },
            {
                "symbol": "ETHMOONX2",
                "address": "0x2Bf417FdA6E73B8Ea605DF0F33aD029F8d4b795A",
                "decimals": 18,
                "ticker": "ETHMOONX2",
                "iconAddress": "0x2Bf417FdA6E73B8Ea605DF0F33aD029F8d4b795A",
                "precision": 2,
                "chartColor": "#8d6268"
            },
            {
                "symbol": "ETHPA",
                "address": "0x09E4BDFb273245063eF5E800D891eFF7d04f9B83",
                "decimals": 18,
                "ticker": "ETHPA",
                "iconAddress": "0x09E4BDFb273245063eF5E800D891eFF7d04f9B83",
                "precision": 2,
                "chartColor": "#be955c"
            },
            {
                "symbol": "ETHRSI6040",
                "address": "0x93E01899c10532d76C0E864537a1D26433dBbDdB",
                "decimals": 18,
                "ticker": "ETHRSI6040",
                "iconAddress": "0x93E01899c10532d76C0E864537a1D26433dBbDdB",
                "precision": 2,
                "chartColor": "#68aca9"
            },
            {
                "symbol": "ETHTA",
                "address": "0x1Ce9200C98b6D9999B60bFf53860475A993a8b68",
                "decimals": 18,
                "ticker": "ETHUSDCTA",
                "iconAddress": "0x1Ce9200C98b6D9999B60bFf53860475A993a8b68",
                "precision": 2,
                "chartColor": "#387080"
            },
            {
                "symbol": "ETHUSDADL4",
                "address": "0xB8243B4eeca27A4191e879760b88fE2270561796",
                "decimals": 18,
                "ticker": "ETHUSDADL4",
                "iconAddress": "0xB8243B4eeca27A4191e879760b88fE2270561796",
                "precision": 2,
                "chartColor": "#6e6962"
            },
            {
                "symbol": "FART",
                "address": "0xffEE21B4Bb7084a9416205544101Ae9f472c7159",
                "decimals": 18,
                "ticker": "",
                "iconAddress": "0xffEE21B4Bb7084a9416205544101Ae9f472c7159",
                "precision": 2,
                "chartColor": "#93a167"
            },
            {
                "symbol": "FLEXBTC",
                "address": "0xCAE169AFDE69f297c7817ed5F4A6816C0E38137D",
                "decimals": 18,
                "ticker": "FLEXBTC",
                "iconAddress": "0xCAE169AFDE69f297c7817ed5F4A6816C0E38137D",
                "precision": 2,
                "chartColor": "#6eaa78"
            },
            {
                "symbol": "FLEXETH",
                "address": "0x654424F4b3ed6DE828C9CA30484dc1A626bb5fBA",
                "decimals": 18,
                "ticker": "FLEXETH",
                "iconAddress": "0x654424F4b3ed6DE828C9CA30484dc1A626bb5fBA",
                "precision": 2,
                "chartColor": "#557064"
            },
            {
                "symbol": "FLEXETHBTC",
                "address": "0xdBf5c7D8ac5007667617a15DB2c1B1D616c9D302",
                "decimals": 18,
                "ticker": "FLEXETHBTC",
                "iconAddress": "0xdBf5c7D8ac5007667617a15DB2c1B1D616c9D302",
                "precision": 2,
                "chartColor": "#9d9f7f"
            },
            {
                "symbol": "GATOR",
                "address": "0xF5c0E24ACA5217BcBAe662871caE1A86873F02db",
                "decimals": 18,
                "ticker": "GATOR",
                "iconAddress": "0xF5c0E24ACA5217BcBAe662871caE1A86873F02db",
                "precision": 2,
                "chartColor": "#7e9e99"
            },
            {
                "symbol": "GREED",
                "address": "0x15822A64c8Cb27D7828C45E0aAFC3e6C5DeCd172",
                "decimals": 18,
                "ticker": "GREED",
                "iconAddress": "0x15822A64c8Cb27D7828C45E0aAFC3e6C5DeCd172",
                "precision": 2,
                "chartColor": "#5d6872"
            },
            {
                "symbol": "iETH20SMACO",
                "address": "0x5cD487CE4dB7091292F2E914F7B31445Bd4A5E1b",
                "decimals": 18,
                "ticker": "iETH20SMACO",
                "iconAddress": "0x5cD487CE4dB7091292F2E914F7B31445Bd4A5E1b",
                "precision": 2,
                "chartColor": "#6f6776"
            },
            {
                "symbol": "iETH50SMACO",
                "address": "0xAC1565e473F69FAdA09661A6B4103FBbF801CeEE",
                "decimals": 18,
                "ticker": "iETH50SMACO",
                "iconAddress": "0xAC1565e473F69FAdA09661A6B4103FBbF801CeEE",
                "precision": 2,
                "chartColor": "#9a9a97"
            },
            {
                "symbol": "INTBTC",
                "address": "0xB32c960c46f28059C2B5F1C3eCC2b9DD77aB0aA0",
                "decimals": 18,
                "ticker": "INTBTC",
                "iconAddress": "0xB32c960c46f28059C2B5F1C3eCC2b9DD77aB0aA0",
                "precision": 2,
                "chartColor": "#c5ccb8"
            },
            {
                "symbol": "INTETH",
                "address": "0x89C0b027bD7cc2D17854B06F8322e29451192CE3",
                "decimals": 18,
                "ticker": "INTETH",
                "iconAddress": "0x89C0b027bD7cc2D17854B06F8322e29451192CE3",
                "precision": 2,
                "chartColor": "#8b5580"
            },
            {
                "symbol": "INTRATIO",
                "address": "0xBA8Ea15b647F54D9ff849670FcaAcF35Df21A457",
                "decimals": 18,
                "ticker": "INTRATIO",
                "iconAddress": "0xBA8Ea15b647F54D9ff849670FcaAcF35Df21A457",
                "precision": 2,
                "chartColor": "#c38890"
            },
            {
                "symbol": "LEGA",
                "address": "0xC166F976ce9926A3205b145Af104eB0E4b38b5C0",
                "decimals": 18,
                "ticker": "LEGA",
                "iconAddress": "0xC166F976ce9926A3205b145Af104eB0E4b38b5C0",
                "precision": 2,
                "chartColor": "#a593a5"
            },
            {
                "symbol": "LELOAP",
                "address": "0x8a63bE90F095F6777be3Ed25D9fC7CD2a63DDb30",
                "decimals": 18,
                "ticker": "LELOAP",
                "iconAddress": "0x8a63bE90F095F6777be3Ed25D9fC7CD2a63DDb30",
                "precision": 2,
                "chartColor": "#666092"
            },
            {
                "symbol": "LINKETHPA",
                "address": "0x542156d51D10Db5acCB99f9Db7e7C91B74E80a2c",
                "decimals": 18,
                "ticker": "LINKETHPA",
                "iconAddress": "0x542156d51D10Db5acCB99f9Db7e7C91B74E80a2c",
                "precision": 2,
                "chartColor": "#9a4f50"
            },
            {
                "symbol": "LINKETHRSI",
                "address": "0x8933ea1Ce67B946BdF2436cE860fFBb53Ce814d2",
                "decimals": 18,
                "ticker": "LINKETHRSI",
                "iconAddress": "0x8933ea1Ce67B946BdF2436cE860fFBb53Ce814d2",
                "precision": 2,
                "chartColor": "#c28d75"
            },
            {
                "symbol": "LINKPT",
                "address": "0x78E29d35573beA6265aEDfCb9F45481B717EBFdE",
                "decimals": 18,
                "ticker": "LINKPT",
                "iconAddress": "0x78E29d35573beA6265aEDfCb9F45481B717EBFdE",
                "precision": 2,
                "chartColor": "#7ca1c0"
            },
            {
                "symbol": "LINKRSICO",
                "address": "0x0329d23fC7B1b1e6Cca57aFA3F0090F1189069e8",
                "decimals": 18,
                "ticker": "LINKRSICO",
                "iconAddress": "0x0329d23fC7B1b1e6Cca57aFA3F0090F1189069e8",
                "precision": 2,
                "chartColor": "#416aa3"
            },
            {
                "symbol": "MAVC",
                "address": "0x621E3b71D07b51242bcca167928e184235A4bb87",
                "decimals": 18,
                "ticker": "MAVC",
                "iconAddress": "0x621E3b71D07b51242bcca167928e184235A4bb87",
                "precision": 2,
                "chartColor": "#8d6268"
            },
            {
                "symbol": "CTS",
                "address": "0x57e83505827788c9F92bCfd398A51A7b0C83DD8e",
                "decimals": 18,
                "ticker": "CTS",
                "iconAddress": "0x57e83505827788c9F92bCfd398A51A7b0C83DD8e",
                "precision": 2,
                "chartColor": "#6f6776"
            },
            {
                "symbol": "BTCRSIAPY",
                "address": "0x924E26fEe8E10c20726006CC2Bd307A538B0eBE5",
                "decimals": 18,
                "ticker": "BTCRSIAPY",
                "iconAddress": "0x924E26fEe8E10c20726006CC2Bd307A538B0eBE5",
                "precision": 2,
                "chartColor": "#9a9a97"
            },
            {
                "symbol": "MQSS",
                "address": "0x77b1465b0e01ba085e515324e30fEe6555C623EA",
                "decimals": 18,
                "ticker": "MQSS",
                "iconAddress": "0x77b1465b0e01ba085e515324e30fEe6555C623EA",
                "precision": 2,
                "chartColor": "#c5ccb8"
            },
            {
                "symbol": "TCapBTCUSDC",
                "address": "0x7510D6fac98A6eCa2DB7c9357619715a7f5049d4",
                "decimals": 18,
                "ticker": "TCapBTCUSDC",
                "iconAddress": "0x7510D6fac98A6eCa2DB7c9357619715a7f5049d4",
                "precision": 2,
                "chartColor": "#8b5580"
            },
            {
                "symbol": "TCapETHDAI",
                "address": "0x8e4dBF540Bf814c044785218B58C930B20a56BE1",
                "decimals": 18,
                "ticker": "TCapETHDAI",
                "iconAddress": "0x8e4dBF540Bf814c044785218B58C930B20a56BE1",
                "precision": 2,
                "chartColor": "#c38890"
            },
            {
                "symbol": "ETHSB",
                "address": "0x8DDF05C42C698329053c4F39B5bb05A350fd8132",
                "decimals": 18,
                "ticker": "ETHSB",
                "iconAddress": "0x8DDF05C42C698329053c4F39B5bb05A350fd8132",
                "precision": 2,
                "chartColor": "#a593a5"
            },
            {
                "symbol": "STMX",
                "address": "0xbE9375C6a420D2eEB258962efB95551A5b722803",
                "decimals": 18,
                "ticker": "STMX",
                "iconAddress": "0xbE9375C6a420D2eEB258962efB95551A5b722803",
                "precision": 2,
                "chartColor": "#666092"
            },
            {
                "symbol": "SWM",
                "address": "0x3505F494c3f0fed0B594E01Fa41Dd3967645ca39",
                "decimals": 18,
                "ticker": "SWM",
                "iconAddress": "0x3505F494c3f0fed0B594E01Fa41Dd3967645ca39",
                "precision": 2,
                "chartColor": "#9a4f50"
            },
            {
                "symbol": "COCOS",
                "address": "0x0C6f5F7D555E7518f6841a79436BD2b1Eef03381",
                "decimals": 18,
                "ticker": "COCOS",
                "iconAddress": "0x0C6f5F7D555E7518f6841a79436BD2b1Eef03381",
                "precision": 2,
                "chartColor": "#c28d75"
            },
            {
                "symbol": "DOS",
                "address": "0x70861e862E1Ac0C96f853C8231826e469eAd37B1",
                "decimals": 18,
                "ticker": "DOS",
                "iconAddress": "0x70861e862E1Ac0C96f853C8231826e469eAd37B1",
                "precision": 2,
                "chartColor": "#7ca1c0"
            },
            {
                "symbol": "RDN",
                "address": "0x255Aa6DF07540Cb5d3d297f0D0D4D84cb52bc8e6",
                "decimals": 18,
                "ticker": "RDN",
                "iconAddress": "0x255Aa6DF07540Cb5d3d297f0D0D4D84cb52bc8e6",
                "precision": 2,
                "chartColor": "#416aa3"
            },
            {
                "symbol": "MATH",
                "address": "0x08d967bb0134F2d07f7cfb6E246680c53927DD30",
                "decimals": 18,
                "ticker": "MATH",
                "iconAddress": "0x08d967bb0134F2d07f7cfb6E246680c53927DD30",
                "precision": 2,
                "chartColor": "#8d6268"
            },
            {
                "symbol": "BZRX",
                "address": "0x56d811088235F11C8920698a204A5010a788f4b3",
                "decimals": 18,
                "ticker": "BZRX",
                "iconAddress": "0x56d811088235F11C8920698a204A5010a788f4b3",
                "precision": 2,
                "chartColor": "#6f6776"
            },
            {
                "symbol": "DUSK",
                "address": "0x940a2dB1B7008B6C776d4faaCa729d6d4A4AA551",
                "decimals": 18,
                "ticker": "DUSK",
                "iconAddress": "0x940a2dB1B7008B6C776d4faaCa729d6d4A4AA551",
                "precision": 2,
                "chartColor": "#9a9a97"
            },
            {
                "symbol": "GRG",
                "address": "0x4FbB350052Bca5417566f188eB2EBCE5b19BC964",
                "decimals": 18,
                "ticker": "GRG",
                "iconAddress": "0x4FbB350052Bca5417566f188eB2EBCE5b19BC964",
                "precision": 2,
                "chartColor": "#c5ccb8"
            },
            {
                "symbol": "MCB",
                "address": "0x4e352cF164E64ADCBad318C3a1e222E9EBa4Ce42",
                "decimals": 18,
                "ticker": "MCB",
                "iconAddress": "0x4e352cF164E64ADCBad318C3a1e222E9EBa4Ce42",
                "precision": 2,
                "chartColor": "#8b5580"
            },
            {
                "symbol": "MTA",
                "address": "0xa3BeD4E1c75D00fa6f4E5E6922DB7261B5E9AcD2",
                "decimals": 18,
                "ticker": "MTA",
                "iconAddress": "0xa3BeD4E1c75D00fa6f4E5E6922DB7261B5E9AcD2",
                "precision": 2,
                "chartColor": "#c38890"
            },
            {
                "symbol": "MYST",
                "address": "0xa645264C5603E96c3b0B078cdab68733794B0A71",
                "decimals": 8,
                "ticker": "MYST",
                "iconAddress": "0xa645264C5603E96c3b0B078cdab68733794B0A71",
                "precision": 2,
                "chartColor": "#a593a5"
            },
            {
                "symbol": "ONG",
                "address": "0xd341d1680Eeee3255b8C4c75bCCE7EB57f144dAe",
                "decimals": 18,
                "ticker": "ONG",
                "iconAddress": "0xd341d1680Eeee3255b8C4c75bCCE7EB57f144dAe",
                "precision": 2,
                "chartColor": "#666092"
            },
            {
                "symbol": "RARI",
                "address": "0xFca59Cd816aB1eaD66534D82bc21E7515cE441CF",
                "decimals": 18,
                "ticker": "RARI",
                "iconAddress": "0xFca59Cd816aB1eaD66534D82bc21E7515cE441CF",
                "precision": 2,
                "chartColor": "#9a4f50"
            },
            {
                "symbol": "SWAP",
                "address": "0xCC4304A31d09258b0029eA7FE63d032f52e44EFe",
                "decimals": 18,
                "ticker": "SWAP",
                "iconAddress": "0xCC4304A31d09258b0029eA7FE63d032f52e44EFe",
                "precision": 2,
                "chartColor": "#c28d75"
            },
            {
                "symbol": "UTRUST",
                "address": "0x70a72833d6bF7F508C8224CE59ea1Ef3d0Ea3A38",
                "decimals": 18,
                "ticker": "UTK",
                "iconAddress": "0x70a72833d6bF7F508C8224CE59ea1Ef3d0Ea3A38",
                "precision": 2,
                "chartColor": "#7ca1c0"
            },
            {
                "symbol": "YFI",
                "address": "0x0bc529c00C6401aEF6D220BE8C6Ea1667F6Ad93e",
                "decimals": 18,
                "ticker": "YFI",
                "iconAddress": "0x0bc529c00C6401aEF6D220BE8C6Ea1667F6Ad93e",
                "precision": 2,
                "chartColor": "#416aa3"
            },
            {
                "symbol": "sDEFI",
                "address": "0xe1aFe1Fd76Fd88f78cBf599ea1846231B8bA3B6B",
                "decimals": 18,
                "ticker": "sDEFI",
                "iconAddress": "0xe1aFe1Fd76Fd88f78cBf599ea1846231B8bA3B6B",
                "precision": 2,
                "chartColor": "#8d6268"
            },
            {
                "symbol": "sXAG",
                "address": "0x6A22e5e94388464181578Aa7A6B869e00fE27846",
                "decimals": 18,
                "ticker": "sXAG",
                "iconAddress": "0x6A22e5e94388464181578Aa7A6B869e00fE27846",
                "precision": 2,
                "chartColor": "#be955c"
            },
            {
                "symbol": "wNXM",
                "address": "0x0d438F3b5175Bebc262bF23753C1E53d03432bDE",
                "decimals": 18,
                "ticker": "NXM",
                "iconAddress": "unknown",
                "precision": 2,
                "chartColor": "#628b8d"
            },
            {
                "symbol": "0xBTC",
                "address": "0xB6eD7644C69416d67B522e20bC294A9a9B405B31",
                "decimals": 8,
                "ticker": "0xBTC",
                "iconAddress": "0xB6eD7644C69416d67B522e20bC294A9a9B405B31",
                "precision": 4,
                "chartColor": "#6f6776"
            },
            {
                "symbol": "0xMR",
                "address": "0x035dF12E0F3ac6671126525f1015E47D79dFEDDF",
                "decimals": 18,
                "ticker": "0xMR",
                "iconAddress": "0x035dF12E0F3ac6671126525f1015E47D79dFEDDF",
                "precision": 2,
                "chartColor": "#9a9a97"
            },
            {
                "symbol": "APPC",
                "address": "0x1a7a8BD9106F2B8D977E08582DC7d24c723ab0DB",
                "decimals": 18,
                "ticker": "APPC",
                "iconAddress": "0x1a7a8BD9106F2B8D977E08582DC7d24c723ab0DB",
                "precision": 2,
                "chartColor": "#c5ccb8"
            },
            {
                "symbol": "ESS",
                "address": "0xfc05987bd2be489ACCF0f509E44B0145d68240f7",
                "decimals": 18,
                "ticker": "ESS",
                "iconAddress": "0xfc05987bd2be489ACCF0f509E44B0145d68240f7",
                "precision": 2,
                "chartColor": "#8b5580"
            },
            {
                "symbol": "yCRV",
                "address": "0xdF5e0e81Dff6FAF3A7e52BA697820c5e32D806A8",
                "decimals": 18,
                "ticker": "yCRV",
                "iconAddress": "0xdF5e0e81Dff6FAF3A7e52BA697820c5e32D806A8",
                "precision": 2,
                "chartColor": "#c38890"
            },
            {
                "symbol": "yUSD-SEP20",
                "address": "0x81ab848898b5ffD3354dbbEfb333D5D183eEDcB5",
                "decimals": 18,
                "ticker": "yUSD-SEP20",
                "iconAddress": "0x81ab848898b5ffD3354dbbEfb333D5D183eEDcB5",
                "precision": 2,
                "chartColor": "#a593a5"
            }
        ],
        "warnings": ["0x4f3AfEC4E5a3F2A6a1A411DEF7D7dFe50eE057bF"],
        "errors": {
            "noBool": [
                "0x0b76544F6C413a555F309Bf76260d1E02377c02A",
                "0x0bb217E40F8a5Cb79Adf04E1aAb60E5abd0dfC1e",
                "0x13f25cd52b21650caa8225C9942337d914C9B030",
                "0x177d39AC676ED1C67A2b268AD7F1E58826E5B0af",
                "0x1844b21593262668B7248d0f57a220CaaBA46ab9",
                "0x26CE25148832C04f3d7F26F32478a9fe55197166",
                "0x28c8d01FF633eA9Cd8fc6a451D7457889E698de6",
                "0x2bDC0D42996017fCe214b21607a515DA41A9E0C5",
                "0x2d0E95bd4795D7aCe0da3C0Ff7b706a5970eb9D3",
                "0x2f85E502a988AF76f7ee6D83b7db8d6c0A823bf9",
                "0x3543638eD4a9006E4840B105944271Bcea15605D",
                "0x37E1160184F7dD29f00b78C050Bf13224780b0B0",
                "0x3893b9422Cd5D70a81eDeFfe3d5A1c6A978310BB",
                "0x38c6A68304cdEfb9BEc48BbFaABA5C5B47818bb2",
                "0x4270bb238f6DD8B1c3ca01f96CA65b2647c06D3C",
                "0x4470BB87d77b963A013DB939BE332f927f2b992e",
                "0x4689a4e169eB39cC9078C0940e21ff1Aa8A39B9C",
                "0x56ba2Ee7890461f463F7be02aAC3099f6d5811A8",
                "0x5E6b6d9aBAd9093fdc861Ea1600eBa1b355Cd940",
                "0x622dFfCc4e83C64ba959530A5a5580687a57581b",
                "0x6Ba460AB75Cd2c56343b3517ffeBA60748654D26",
                "0x7703C35CfFdC5CDa8D27aa3df2F9ba6964544b6e",
                "0x78B7FADA55A64dD895D8c8c35779DD8b67fA8a05",
                "0x81c9151de0C8bafCd325a57E3dB5a5dF1CEBf79c",
                "0x8E766F57F7d16Ca50B4A0b90b88f6468A09b0439",
                "0x95dAaaB98046846bF4B2853e23cba236fa394A31",
                "0xa44E5137293E855B1b7bC7E2C6f8cD796fFCB037",
                "0xB8c77482e45F1F44dE1745F52C74426C631bDD52",
                "0xB97048628DB6B661D4C2aA833e95Dbe1A905B280",
                "0xBA5F11b16B155792Cf3B2E6880E8706859A8AEB6",
                "0xbbFF862d906E348E9946Bfb2132ecB157Da3D4b4",
                "0xc9859fccC876e6b4B3C749C5D29EA04F48aCb74F",
                "0xCc34366E3842cA1BD36c1f324d15257960fCC801",
                "0xd26114cd6EE289AccF82350c8d8487fedB8A0C07",
                "0xdAC17F958D2ee523a2206206994597C13D831ec7",
                "0xDc5864eDe28BD4405aa04d93E05A0531797D9D59",
                "0xe3818504c1B32bF1557b16C238B2E01Fd3149C17",
                "0xF433089366899D83a9f26A773D59ec7eCF30355e",
                "0xfAE4Ee59CDd86e3Be9e8b90b53AA866327D7c090"
            ],
            "transferFee": [
                "0x1a7AC70bcb1571cB056c45710446da4d070cBb80",
                "0x1C95b093d6C236d3EF7c796fE33f9CC6b8606714",
                "0x3A9FfF453d50D4Ac52A6890647b823379ba36B9E",
                "0x3B7f247f21BF3A07088C2D3423F64233d4B069F7",
                "0x4f3AfEC4E5a3F2A6a1A411DEF7D7dFe50eE057bF",
                "0x75572098dc462F976127f59F8c97dFa291f81d8b",
                "0x82622209cEf6EBf4b8BDB353a8FC7e0b8655D0b0",
                "0x85eBa557C06c348395fD49e35d860F58a4F7c95a",
                "0xa7DE087329BFcda5639247F96140f9DAbe3DeED1",
                "0xb60Fde5D798236fBF1e2697B2A0645380921FccF",
                "0xc58c0Fca06908E66540102356f2E91edCaEB8D81",
                "0xDB7Eab9bA6be88B869F738f6DEeBa96d49Fe13fd",
                "0xE6c2C240E1228980F322D76ed4C1F63078191BB5",
                "0xeEEE2a622330E6d2036691e983DEe87330588603",
                "0xF0FAC7104aAC544e4a7CE1A55ADF2B5a25c65bD1"
            ]
        },
        "scams": [
            "0xa1d0E215a23d7030842FC67cE582a6aFa3CCaB83",
            "0xb81D3cB2708530ea990a287142b82D058725C092"
        ]
    }
}
