{
    "0x": { "usd": 0.337262 },
    "aave-dai": { "usd": 0.996268 },
    "airswap": { "usd": 0.050453 },
    "aragon": { "usd": 1.42 },
    "augur": { "usd": 16.17 },
    "basic-attention-token": { "usd": 0.259716 },
    "bitcoin": { "usd": 9150.92 },
    "cdai": { "usd": 0.02055441 },
    "chai": { "usd": 1.01 },
    "chainlink": { "usd": 4.67 },
    "compound-ether": { "usd": 4.59 },
    "compound-usd-coin": { "usd": 0.02107164 },
    "dai": { "usd": 1.0 },
    "daostack": { "usd": 0.094106 },
    "digital-rand": { "usd": 0.053126 },
    "dxdao": { "usd": 98.73 },
    "enjincoin": { "usd": 0.167007 },
    "eth-btc-rsi-ratio-trading-set": { "usd": 150.54 },
    "eth-rsi-60-40-yield-set": { "usd": 252.81 },
    "ethereum": { "usd": 229.06 },
    "ethereum-money": { "usd": 4.31e-6 },
    "ethlend": { "usd": 0.125689 },
    "ghost-by-mcafee": { "usd": 1.26 },
    "gnosis": { "usd": 26.88 },
    "grid": { "usd": 0.059768 },
    "havven": { "usd": 1.86 },
    "kleros": { "usd": 0.01993155 },
    "kyber-network": { "usd": 1.17 },
    "loopring": { "usd": 0.083971 },
    "maker": { "usd": 465.29 },
    "nest": { "usd": 0.01863673 },
    "numeraire": { "usd": 22.12 },
    "nusd": { "usd": 1.0 },
    "renbtc": { "usd": 9117.8 },
    "republic-protocol": { "usd": 0.158301 },
    "rocket-pool": { "usd": 1.78 },
    "seth": { "usd": 230.67 },
    "statera": { "usd": 0.03037913 },
    "uma": { "usd": 2.28 },
    "usd-coin": { "usd": 1.0 },
    "vether": { "usd": 0.053738 },
    "weth": { "usd": 229.99 }
}
